{
    "openapi": "3.0.0",
    "info": {
        "title": "Company - Service",
        "description": "Service documentation",
        "contact": {
            "email": "admin@admin.com"
        },
        "license": {
            "name": "Apache 2.0",
            "url": "https://www.apache.org/licenses/LICENSE-2.0.html"
        },
        "version": "1.0.0"
    },
    "paths": {
        "/pro/api/categories": {
            "get": {
                "tags": [
                    "Categories"
                ],
                "summary": "Get list of categories with services",
                "operationId": "7dfa64b864d0556c9c390481d6019c5e",
                "responses": {
                    "200": {
                        "description": "A list with categories and their services"
                    },
                    "404": {
                        "description": "Categories not found"
                    },
                    "500": {
                        "description": "Server error"
                    }
                }
            }
        },
        "/pro/api/categories/{id}": {
            "get": {
                "tags": [
                    "Categories"
                ],
                "summary": "Get a category with its services by ID",
                "operationId": "fe105755062a01de9ed91c10b3b6f2c9",
                "parameters": [
                    {
                        "name": "id",
                        "in": "path",
                        "description": "ID of the category",
                        "required": true,
                        "schema": {
                            "type": "integer"
                        }
                    }
                ],
                "responses": {
                    "200": {
                        "description": "Category details with services"
                    },
                    "404": {
                        "description": "Category not found"
                    },
                    "500": {
                        "description": "Server error"
                    }
                }
            }
        },
        "/pro/api/services": {
            "get": {
                "tags": [
                    "Services"
                ],
                "summary": "Get list of all services",
                "operationId": "8b23a3b43c62690a7cb97b4d7de26951",
                "responses": {
                    "200": {
                        "description": "A list of all services"
                    },
                    "500": {
                        "description": "Server error"
                    }
                }
            }
        },
        "/pro/api/services/{id}": {
            "get": {
                "tags": [
                    "Services"
                ],
                "summary": "Get a service by ID",
                "operationId": "e94b18baf080305d440f38cc946e7423",
                "parameters": [
                    {
                        "name": "id",
                        "in": "path",
                        "description": "ID of the service",
                        "required": true,
                        "schema": {
                            "type": "integer"
                        }
                    }
                ],
                "responses": {
                    "200": {
                        "description": "Service details"
                    },
                    "404": {
                        "description": "Service not found"
                    },
                    "500": {
                        "description": "Server error"
                    }
                }
            }
        }
    },
    "tags": [
        {
            "name": "Categories",
            "description": "Categories"
        },
        {
            "name": "Services",
            "description": "Services"
        }
    ]
}