{
    "openapi": "3.0.0",
    "info": {
        "title": "Company - Service",
        "description": "Service documentation",
        "contact": {
            "email": "admin@admin.com"
        },
        "license": {
            "name": "Apache 2.0",
            "url": "https://www.apache.org/licenses/LICENSE-2.0.html"
        },
        "version": "1.0.0"
    },
    "paths": {
        "/api/categories": {
            "get": {
                "tags": [
                    "Categories"
                ],
                "summary": "Get list of categories with services",
                "operationId": "8e17a9627dbed245cf032f867569cf11",
                "responses": {
                    "200": {
                        "description": "A list with categories and their services"
                    },
                    "404": {
                        "description": "Categories not found"
                    },
                    "500": {
                        "description": "Server error"
                    }
                }
            }
        },
        "/api/categories/{id}": {
            "get": {
                "tags": [
                    "Categories"
                ],
                "summary": "Get a category with its services by ID",
                "operationId": "6a038665b20191638e1608ea8897bf64",
                "parameters": [
                    {
                        "name": "id",
                        "in": "path",
                        "description": "ID of the category",
                        "required": true,
                        "schema": {
                            "type": "integer"
                        }
                    }
                ],
                "responses": {
                    "200": {
                        "description": "Category details with services"
                    },
                    "404": {
                        "description": "Category not found"
                    },
                    "500": {
                        "description": "Server error"
                    }
                }
            }
        },
        "/api/services": {
            "get": {
                "tags": [
                    "Services"
                ],
                "summary": "Get list of all services",
                "operationId": "7cb57dfc3dc68b14a0f32724289e41ab",
                "responses": {
                    "200": {
                        "description": "A list of all services"
                    },
                    "500": {
                        "description": "Server error"
                    }
                }
            }
        },
        "/api/services/{id}": {
            "get": {
                "tags": [
                    "Services"
                ],
                "summary": "Get a service by ID",
                "operationId": "622276216d52485a66342fd85758729b",
                "parameters": [
                    {
                        "name": "id",
                        "in": "path",
                        "description": "ID of the service",
                        "required": true,
                        "schema": {
                            "type": "integer"
                        }
                    }
                ],
                "responses": {
                    "200": {
                        "description": "Service details"
                    },
                    "404": {
                        "description": "Service not found"
                    },
                    "500": {
                        "description": "Server error"
                    }
                }
            }
        }
    },
    "tags": [
        {
            "name": "Categories",
            "description": "Categories"
        },
        {
            "name": "Services",
            "description": "Services"
        }
    ]
}